{
  "input_file": "/home/myless/Packages/forge/forge/workflows/adversarial_attack/aa_test_workflow/test_structures.xyz",
  "parameters": {
    "learning_rate": 0.01,
    "n_iterations": 10,
    "min_distance": 1.5,
    "include_probability": false,
    "temperature": 1000,
    "device": "cuda",
    "use_autograd": false
  },
  "added_structure_ids": [
    22089,
    22090
  ],
  "results": [
    {
      "structure_name": "struct_id_20196",
      "initial_variance": 0.0098640201613307,
      "final_variance": 0.0680115818977356,
      "loss_history": [
        0.0098640201613307,
        0.0098640201613307,
        0.01291671209037304,
        0.015083557926118374,
        0.02112349309027195,
        0.03109639137983322,
        0.03542467951774597,
        0.047848042100667953,
        0.04661574214696884,
        0.0680115818977356,
        0.06422670185565948
      ],
      "parent_structure_id": 20196,
      "structure_id": 22089
    },
    {
      "structure_name": "struct_id_22088",
      "initial_variance": 0.009863905608654022,
      "final_variance": 0.05766085535287857,
      "loss_history": [
        0.009863737970590591,
        0.009863737970590591,
        0.01437920518219471,
        0.01923336647450924,
        0.025993285700678825,
        0.037659596651792526,
        0.03796523064374924,
        0.05013107508420944,
        0.049003779888153076,
        0.05766085535287857,
        0.057635340839624405
      ],
      "parent_structure_id": 22088,
      "structure_id": 22090
    }
  ]
}